[
  {
    "groupId": "org.sonarsource.sonarlint.ls",
    "artifactId": "sonarlint-language-server",
    "version": "3.5.1.75119",
    "output": "server/sonarlint-ls.jar"
  },
  {
    "groupId": "org.sonarsource.slang",
    "artifactId": "sonar-go-plugin",
    "version": "1.15.0.4655",
    "output": "analyzers/sonargo.jar"
  },
  {
    "groupId": "org.sonarsource.javascript",
    "artifactId": "sonar-javascript-plugin",
    "version": "10.14.0.26080",
    "output": "analyzers/sonarjs.jar"
  },
  {
    "groupId": "org.sonarsource.java",
    "artifactId": "sonar-java-plugin",
    "version": "7.33.0.35775",
    "output": "analyzers/sonarjava.jar"
  },
  {
    "groupId": "org.sonarsource.php",
    "artifactId": "sonar-php-plugin",
    "version": "3.35.0.11659",
    "output": "analyzers/sonarphp.jar"
  },
  {
    "groupId": "org.sonarsource.python",
    "artifactId": "sonar-python-plugin",
    "version": "4.17.0.14845",
    "output": "analyzers/sonarpython.jar"
  },
  {
    "groupId": "org.sonarsource.html",
    "artifactId": "sonar-html-plugin",
    "version": "3.16.0.5274",
    "output": "analyzers/sonarhtml.jar"
  },
  {
    "groupId": "org.sonarsource.xml",
    "artifactId": "sonar-xml-plugin",
    "version": "2.10.0.4108",
    "output": "analyzers/sonarxml.jar"
  },
  {
    "groupId": "org.sonarsource.text",
    "artifactId": "sonar-text-plugin",
    "version": "2.10.0.2188",
    "output": "analyzers/sonartext.jar"
  },
  {
    "groupId": "com.sonarsource.cpp",
    "artifactId": "sonar-cfamily-plugin",
    "version": "6.54.0.69031",
    "output": "analyzers/sonarcfamily.jar",
    "requiresCredentials": true
  },
  {
    "groupId": "org.sonarsource.iac",
    "artifactId": "sonar-iac-plugin",
    "version": "1.27.0.9518",
    "output": "analyzers/sonariac.jar"
  },
  {
    "groupId": "org.sonarsource.sonarlint.omnisharp",
    "artifactId": "sonarlint-omnisharp-plugin",
    "version": "1.20.0.89410",
    "output": "analyzers/sonarlintomnisharp.jar",
    "requiresCredentials": true
  }
]
